Id,RruName,relatedCellDuList,MeanTxPower,MaxTxPower,MeanPower
Rru-001,Rru-MTJ,CellDu-001 CellDu-002,1.8564752890780092,3.583603053561696,18.621757645269525
Rru-002,Rru-n2d,CellDu-003 CellDu-004,1.1039309454773418,2.260667703101869,10.952111703505334
Rru-003,Rru-7Er,CellDu-005 CellDu-006,1.2802356184753938,2.551836082139885,12.788240040689825
Rru-004,Rru-rbT,CellDu-007 CellDu-008,1.4556220964665179,3.276176384936137,14.2523400241992
Rru-005,Rru-Ls2,CellDu-009 CellDu-010,1.338310013564189,2.5926017133350383,13.35816155407037
Rru-006,Rru-UGu,CellDu-011 CellDu-012,1.412216480213729,2.8608361974374024,14.206458676382166
